{"data":{"jobs":{"edges":[{"node":{"frontmatter":{"title":"Full Stack Software Engineer","company":"Freelancer","location":"HZ, China","range":"2022 - Now","url":""},"html":"<ul>\n<li>Learn some web3 Knowledge like solidity,react.js from learnweb3.io website.</li>\n<li>Join some hackathon events build lukso society recover tool with my teammates.</li>\n<li>Nfts Mint &#x26;&#x26; Nfts Gallery using solidity to write smart contract and then deploy by hardhat.Build front-end\nuse next.js and bootstrap framework.</li>\n<li>A faucet server based on nervos net blockchain.User can claim token every day until reach the limit number.</li>\n<li>NFTs data visualization project about stolen NFTs marked by opensea and spam contracts marked by alchemy.</li>\n</ul>"}},{"node":{"frontmatter":{"title":"Senior Golang Engineer","company":"Wooduan","location":"HZ, China","range":"2016 - 2022","url":""},"html":"<ul>\n<li>Golang rpcx gateway server.We use it to handle our front-end request.Forward it to our back-end server.</li>\n<li>News center server.A platform where our manager could add edit delete search articles.</li>\n<li>Pay center server.It's a pay server provide a front-end page where user could create an order, and then pay through mobile app.</li>\n<li>User Anti-addiction server.It's a user's age check system.When a user login our game we need to check if this user is adult or not.</li>\n</ul>"}},{"node":{"frontmatter":{"title":"Senior PHP Engineer","company":"CTI-Cert","location":"HZ, China","range":"2013 - 2016","url":""},"html":"<ul>\n<li>Company official website with cms drupal &#x26;&#x26; jquery &#x26;&#x26; php.</li>\n<li>Build http server with php for a mobile app.</li>\n<li>Build Admin Panel that contains daily active user number、front-end display content managerment、announcement managerment etc...</li>\n</ul>"}},{"node":{"frontmatter":{"title":"Junior PHP Engineer","company":"Taole","location":"HZ, China","range":"2011 - 2013","url":""},"html":"<ul>\n<li>TO BE CONTINUE.</li>\n</ul>"}}]}}}