{"data":{"projects":{"edges":[{"node":{"frontmatter":{"title":"hackathon-data-analytics","tech":["Python","Pandas"],"github":"https://github.com/coffiasd/hackathon-data-analytics","external":""},"html":"<p>This is a hackathon data analytics project.I analyze the top 2300 nfts sort by volume. You can find the detail list from my github repo.</p>"}},{"node":{"frontmatter":{"title":"gateway","tech":["golang","gin","etcd"],"github":"","external":""},"html":"<p>It's a gateway project based on golang rpc framework rpcx.We use it to handle front-end http request.Forward it to our back-end mico server.Like user-server\nPay-server , hall-server etc ...</p>"}},{"node":{"frontmatter":{"title":"Polygon Domain Service","tech":["solidity","next.js","bootstrap","hardhat"],"github":"https://github.com/coffiasd/polygon-ens","external":""},"html":"<p>An domain service on blockchain polygon.User can mint an domain that charged by the length of domain.After that user can get AN NFT token that can be used to transfer domain to other user.Fianally, user can get the domain NFT token which contains an svg image.</p>"}},{"node":{"frontmatter":{"title":"hackathon-lukso","tech":["React","Next.js","Solidity","Hardhat","Bootstrap"],"github":"https://github.com/coffiasd/yii2-api-coffiasd","external":""},"html":"<p>This is a project for hackathon.I'm building a tool in order to recover society account.</p>"}},{"node":{"frontmatter":{"title":"yii2-http-api","tech":["Yii2","PHP","Mysql"],"github":"https://github.com/coffiasd/yii2-api-coffiasd","external":""},"html":"<p>It's a php http server project.We use it to log some client event like login、pay、enter the game、login out etc..\nWe also provide some charge server in this project.We use php to generate an order and a QR code at the same time , and then user can pay through mobile app.</p>"}},{"node":{"frontmatter":{"title":"news-server","tech":["golang","gin","mongdo"],"github":"","external":""},"html":"<p>It's a back-end rpc server project.Our company's manager can add news article,edit the article they add , and delete the article at the same time.Other project\nCould get the article lists,the article details via rpc request.</p>"}}]}}}