{"polyfill":["/polyfill-795e4832bfc6e3152ccf.js"],"app":["/app-7457f997aff599d1823a.js"],"component---cache-caches-gatsby-plugin-offline-app-shell-js":["/component---cache-caches-gatsby-plugin-offline-app-shell-js-50fcc746a3b9bd6c1224.js"],"component---src-pages-404-js":["/component---src-pages-404-js-8d87be5f7995e29e1b3e.js"],"component---src-pages-archive-js":["/component---src-pages-archive-js-f682ca44cbe34240efc0.js"],"component---src-pages-index-js":["/component---src-pages-index-js-e0d57e6779aaa6bb8ba2.js"],"component---src-pages-pensieve-index-js":["/component---src-pages-pensieve-index-js-cb99cd6d1dde9cd4579a.js"],"component---src-pages-pensieve-tags-js":["/component---src-pages-pensieve-tags-js-db027d6bb7e9729839f9.js"],"component---src-templates-post-js":["/component---src-templates-post-js-6f6dcb95f8ccabc76fb8.js"],"component---src-templates-tag-js":["/component---src-templates-tag-js-3c830ebe5edf34918cb2.js"]}