{"namedChunkGroups":{"polyfill":{"name":"polyfill","assets":[{"name":"webpack-runtime-768fde40f9fcde9e6743.js","size":4202},{"name":"polyfill-795e4832bfc6e3152ccf.js","size":98599}],"filteredAssets":0,"assetsSize":102801,"filteredAuxiliaryAssets":2,"auxiliaryAssetsSize":295337},"app":{"name":"app","assets":[{"name":"webpack-runtime-768fde40f9fcde9e6743.js","size":4202},{"name":"framework-aa35e29fbb74d6100667.js","size":129901},{"name":"app-7457f997aff599d1823a.js","size":72918}],"filteredAssets":0,"assetsSize":207021,"filteredAuxiliaryAssets":3,"auxiliaryAssetsSize":661668},"component---cache-caches-gatsby-plugin-offline-app-shell-js":{"name":"component---cache-caches-gatsby-plugin-offline-app-shell-js","assets":[{"name":"component---cache-caches-gatsby-plugin-offline-app-shell-js-50fcc746a3b9bd6c1224.js","size":495}],"filteredAssets":0,"assetsSize":495,"filteredAuxiliaryAssets":1,"auxiliaryAssetsSize":1629},"component---src-pages-404-js":{"name":"component---src-pages-404-js","assets":[{"name":"546641dfde76ed00139ea2c3eae09499c5f2164a-3d846494cc86d253648e.js","size":163732},{"name":"component---src-pages-404-js-8d87be5f7995e29e1b3e.js","size":1536}],"filteredAssets":0,"assetsSize":165268,"filteredAuxiliaryAssets":22,"auxiliaryAssetsSize":1270418},"component---src-pages-archive-js":{"name":"component---src-pages-archive-js","assets":[{"name":"546641dfde76ed00139ea2c3eae09499c5f2164a-3d846494cc86d253648e.js","size":163732},{"name":"component---src-pages-archive-js-f682ca44cbe34240efc0.js","size":3795}],"filteredAssets":0,"assetsSize":167527,"filteredAuxiliaryAssets":22,"auxiliaryAssetsSize":1276785},"component---src-pages-index-js":{"name":"component---src-pages-index-js","assets":[{"name":"546641dfde76ed00139ea2c3eae09499c5f2164a-3d846494cc86d253648e.js","size":163732},{"name":"component---src-pages-index-js-e0d57e6779aaa6bb8ba2.js","size":625}],"filteredAssets":0,"assetsSize":164357,"filteredAuxiliaryAssets":22,"auxiliaryAssetsSize":1268211},"component---src-pages-pensieve-index-js":{"name":"component---src-pages-pensieve-index-js","assets":[{"name":"546641dfde76ed00139ea2c3eae09499c5f2164a-3d846494cc86d253648e.js","size":163732},{"name":"component---src-pages-pensieve-index-js-cb99cd6d1dde9cd4579a.js","size":9184}],"filteredAssets":0,"assetsSize":172916,"filteredAuxiliaryAssets":22,"auxiliaryAssetsSize":1303534},"component---src-pages-pensieve-tags-js":{"name":"component---src-pages-pensieve-tags-js","assets":[{"name":"546641dfde76ed00139ea2c3eae09499c5f2164a-3d846494cc86d253648e.js","size":163732},{"name":"component---src-pages-pensieve-tags-js-db027d6bb7e9729839f9.js","size":6769}],"filteredAssets":0,"assetsSize":170501,"filteredAuxiliaryAssets":22,"auxiliaryAssetsSize":1298952},"component---src-templates-post-js":{"name":"component---src-templates-post-js","assets":[{"name":"546641dfde76ed00139ea2c3eae09499c5f2164a-3d846494cc86d253648e.js","size":163732},{"name":"component---src-templates-post-js-6f6dcb95f8ccabc76fb8.js","size":7357}],"filteredAssets":0,"assetsSize":171089,"filteredAuxiliaryAssets":22,"auxiliaryAssetsSize":1299918},"component---src-templates-tag-js":{"name":"component---src-templates-tag-js","assets":[{"name":"546641dfde76ed00139ea2c3eae09499c5f2164a-3d846494cc86d253648e.js","size":163732},{"name":"component---src-templates-tag-js-3c830ebe5edf34918cb2.js","size":7326}],"filteredAssets":0,"assetsSize":171058,"filteredAuxiliaryAssets":22,"auxiliaryAssetsSize":1301013}},"assetsByChunkName":{"polyfill":["webpack-runtime-768fde40f9fcde9e6743.js","polyfill-795e4832bfc6e3152ccf.js"],"app":["webpack-runtime-768fde40f9fcde9e6743.js","framework-aa35e29fbb74d6100667.js","app-7457f997aff599d1823a.js"],"component---cache-caches-gatsby-plugin-offline-app-shell-js":["component---cache-caches-gatsby-plugin-offline-app-shell-js-50fcc746a3b9bd6c1224.js"],"component---src-pages-404-js":["546641dfde76ed00139ea2c3eae09499c5f2164a-3d846494cc86d253648e.js","component---src-pages-404-js-8d87be5f7995e29e1b3e.js"],"component---src-pages-archive-js":["546641dfde76ed00139ea2c3eae09499c5f2164a-3d846494cc86d253648e.js","component---src-pages-archive-js-f682ca44cbe34240efc0.js"],"component---src-pages-index-js":["546641dfde76ed00139ea2c3eae09499c5f2164a-3d846494cc86d253648e.js","component---src-pages-index-js-e0d57e6779aaa6bb8ba2.js"],"component---src-pages-pensieve-index-js":["546641dfde76ed00139ea2c3eae09499c5f2164a-3d846494cc86d253648e.js","component---src-pages-pensieve-index-js-cb99cd6d1dde9cd4579a.js"],"component---src-pages-pensieve-tags-js":["546641dfde76ed00139ea2c3eae09499c5f2164a-3d846494cc86d253648e.js","component---src-pages-pensieve-tags-js-db027d6bb7e9729839f9.js"],"component---src-templates-post-js":["546641dfde76ed00139ea2c3eae09499c5f2164a-3d846494cc86d253648e.js","component---src-templates-post-js-6f6dcb95f8ccabc76fb8.js"],"component---src-templates-tag-js":["546641dfde76ed00139ea2c3eae09499c5f2164a-3d846494cc86d253648e.js","component---src-templates-tag-js-3c830ebe5edf34918cb2.js"]},"childAssetsByChunkName":{}}